id,first_name,last_name,email,gender,ip_address
1,Der,Guthrie,dguthrie0@dmoz.org,Genderfluid,84.199.30.53
2,Wilow,MacAiline,wmacailine1@fotki.com,Genderfluid,105.73.152.225
3,Ignacio,Elgood,ielgood2@t.co,Bigender,120.172.82.158
4,Xymenes,Angeli,xangeli3@desdev.cn,Female,50.240.252.201
5,Egbert,Glaserman,eglaserman4@tamu.edu,Genderfluid,185.86.126.206
6,Ninnetta,Burgill,nburgill5@utexas.edu,Genderqueer,234.104.44.29
7,Adamo,Haydney,ahaydney6@so-net.ne.jp,Bigender,98.182.4.12
8,Belva,Thrift,bthrift7@constantcontact.com,Genderqueer,38.154.94.3
9,Nicholas,Rathe,nrathe8@ycombinator.com,Genderqueer,64.117.235.16
10,Britni,Coupe,bcoupe9@dropbox.com,Bigender,254.232.51.132
11,Paton,Ruger,prugera@technorati.com,Female,14.192.247.186
12,Shelley,Cluney,scluneyb@furl.net,Bigender,230.239.63.27
13,Elissa,Janman,ejanmanc@acquirethisname.com,Genderfluid,14.159.227.104
14,Mendel,Giacoppoli,mgiacoppolid@uiuc.edu,Genderqueer,165.173.185.236
15,Stephanie,Shaughnessy,sshaughnessye@linkedin.com,Bigender,32.88.10.160
16,Patrizia,Haugg,phauggf@oracle.com,Bigender,160.98.135.64
17,Kevan,Gittoes,kgittoesg@homestead.com,Female,105.127.150.48
18,Giacomo,McGauhy,gmcgauhyh@dropbox.com,Polygender,193.79.241.45
19,Vin,Jagielski,vjagielskii@yellowbook.com,Agender,58.66.26.24
20,Saba,Dumbelton,sdumbeltonj@edublogs.org,Genderfluid,225.108.95.65
21,Marlo,Deener,mdeenerk@bizjournals.com,Female,113.229.105.196
22,Sosanna,Sedgebeer,ssedgebeerl@soundcloud.com,Male,161.103.4.175
23,Oralie,Ginnelly,oginnellym@geocities.com,Bigender,95.31.68.164
24,Alexei,Hale,ahalen@rambler.ru,Genderfluid,81.197.245.133
25,Sophey,Reder,sredero@spiegel.de,Bigender,137.251.234.31
26,Fania,Middlebrook,fmiddlebrookp@businessinsider.com,Agender,49.14.245.24
27,Bax,Jakubovits,bjakubovitsq@sciencedirect.com,Non-binary,112.33.108.98
28,Marge,Somner,msomnerr@weather.com,Bigender,163.230.232.9
29,Lock,Snelling,lsnellings@ucoz.com,Genderqueer,139.223.102.117
30,Carmine,Irvin,cirvint@patch.com,Non-binary,157.188.106.135
31,Roldan,Listone,rlistoneu@github.io,Polygender,10.123.49.5
32,Jabez,Holwell,jholwellv@examiner.com,Polygender,37.166.148.199
33,Mirella,Coger,mcogerw@yellowbook.com,Genderfluid,233.138.163.211
34,Evelina,Moscone,emosconex@macromedia.com,Polygender,198.158.214.231
35,Martainn,Ascraft,mascrafty@sciencedirect.com,Agender,201.138.164.39
36,Bonnee,Krabbe,bkrabbez@joomla.org,Genderqueer,34.52.244.59
37,Yulma,Shank,yshank10@seattletimes.com,Non-binary,141.83.250.34
38,Paige,Plane,pplane11@goodreads.com,Polygender,89.149.130.130
39,Trixie,Giorio,tgiorio12@cnbc.com,Male,120.108.9.56
40,Hinda,Varsey,hvarsey13@mashable.com,Non-binary,159.176.90.244
41,Sybil,Raoul,sraoul14@hubpages.com,Genderqueer,52.32.114.135
42,Zitella,Syrie,zsyrie15@dot.gov,Female,33.121.183.204
43,Velvet,Ruddell,vruddell16@trellian.com,Genderqueer,77.23.254.13
44,Glenden,Gauson,ggauson17@storify.com,Female,15.175.210.184
45,Bucky,Franks,bfranks18@wordpress.com,Female,119.9.27.190
46,Stefa,Maffucci,smaffucci19@seesaa.net,Male,87.224.237.204
47,Pinchas,Shellard,pshellard1a@blogger.com,Female,93.142.186.181
48,Chaddy,Manz,cmanz1b@yelp.com,Male,201.43.105.51
49,Matt,Keyes,mkeyes1c@so-net.ne.jp,Genderfluid,7.18.149.80
50,Guss,Rolles,grolles1d@t.co,Genderqueer,98.237.19.251
51,Risa,Lethbridge,rlethbridge1e@shop-pro.jp,Agender,40.157.249.22
52,Kynthia,Downe,kdowne1f@bloglines.com,Male,13.212.181.223
53,Yuma,Roggieri,yroggieri1g@barnesandnoble.com,Polygender,254.226.30.251
54,Olia,Corkell,ocorkell1h@weather.com,Genderqueer,83.42.129.10
55,Nevil,Eyam,neyam1i@quantcast.com,Agender,232.242.66.19
56,Virgina,Grinyer,vgrinyer1j@multiply.com,Genderfluid,27.100.232.37
57,Mitch,Kirvell,mkirvell1k@adobe.com,Polygender,105.78.191.28
58,Agnella,Dudgeon,adudgeon1l@phpbb.com,Agender,25.171.184.217
59,Maris,Beardsdale,mbeardsdale1m@soup.io,Polygender,194.31.197.93
60,Benetta,Martonfi,bmartonfi1n@godaddy.com,Genderfluid,16.155.14.24
61,Gerard,Paz,gpaz1o@mapy.cz,Female,34.230.168.105
62,Addy,Penkman,apenkman1p@xing.com,Male,67.52.24.152
63,Ammamaria,McElwee,amcelwee1q@europa.eu,Agender,94.35.138.153
64,Roderic,Jirek,rjirek1r@oaic.gov.au,Female,71.8.84.72
65,Serena,Beckensall,sbeckensall1s@taobao.com,Non-binary,220.234.70.135
66,Caroline,Swarbrick,cswarbrick1t@psu.edu,Non-binary,3.141.226.128
67,Nestor,Elgy,nelgy1u@boston.com,Female,226.114.62.232
68,Elnar,Bunton,ebunton1v@census.gov,Genderfluid,2.12.208.251
69,Alfie,Putson,aputson1w@microsoft.com,Agender,167.168.55.252
70,Latia,Goodreid,lgoodreid1x@omniture.com,Female,65.66.243.243
71,Jere,Lonnon,jlonnon1y@discuz.net,Genderfluid,75.13.140.192
72,Man,Trembley,mtrembley1z@fema.gov,Polygender,64.184.90.40
73,Sumner,McCay,smccay20@nytimes.com,Male,52.78.230.14
74,Jeremy,Meconi,jmeconi21@infoseek.co.jp,Male,187.142.20.19
75,Debra,Bewicke,dbewicke22@feedburner.com,Female,5.211.133.113
76,Conchita,Moland,cmoland23@hhs.gov,Male,143.127.99.182
77,Johan,Durban,jdurban24@hugedomains.com,Non-binary,213.185.211.251
78,Lissy,Servant,lservant25@sbwire.com,Genderfluid,97.22.176.182
79,Wanda,McCann,wmccann26@hexun.com,Genderfluid,40.122.84.99
80,Bliss,Leggate,bleggate27@theguardian.com,Genderfluid,193.253.135.10
81,Wenonah,Gorler,wgorler28@clickbank.net,Genderqueer,64.79.193.130
82,Edward,Minguet,eminguet29@twitpic.com,Genderqueer,125.232.200.147
83,Braden,Leadbeater,bleadbeater2a@meetup.com,Genderqueer,36.77.228.109
84,Helaine,Lippitt,hlippitt2b@indiegogo.com,Polygender,54.94.235.29
85,Con,Spreull,cspreull2c@springer.com,Polygender,6.81.200.162
86,Damaris,Hellis,dhellis2d@theglobeandmail.com,Agender,209.81.104.3
87,Astrid,Lambal,alambal2e@tiny.cc,Agender,67.234.53.66
88,Rayna,Doohey,rdoohey2f@gravatar.com,Agender,60.173.134.88
89,Marvin,Finan,mfinan2g@jigsy.com,Non-binary,83.142.229.72
90,Julienne,Bear,jbear2h@tmall.com,Genderqueer,55.29.101.0
91,Althea,McCarver,amccarver2i@upenn.edu,Genderqueer,170.179.65.72
92,Sherm,Willstrop,swillstrop2j@fda.gov,Male,183.246.170.126
93,Boote,Child,bchild2k@cbslocal.com,Bigender,61.173.244.27
94,Care,Doherty,cdoherty2l@go.com,Female,101.3.221.35
95,Ermanno,Sweetland,esweetland2m@nationalgeographic.com,Genderqueer,255.95.45.219
96,Syd,Kezourec,skezourec2n@ehow.com,Genderfluid,248.29.118.232
97,Dominga,Quincee,dquincee2o@craigslist.org,Polygender,109.151.144.177
98,Mari,Gronaller,mgronaller2p@cnbc.com,Male,234.185.213.142
99,Arliene,Knightly,aknightly2q@livejournal.com,Agender,170.177.40.141
100,Claribel,Tudbald,ctudbald2r@macromedia.com,Polygender,31.84.148.100
101,Thaddeus,Wisden,twisden2s@devhub.com,Agender,196.164.69.2
102,Karen,Axtell,kaxtell2t@51.la,Bigender,232.208.59.116
103,Garvey,Whitby,gwhitby2u@npr.org,Non-binary,80.232.19.152
104,Jazmin,Amies,jamies2v@sourceforge.net,Male,253.76.245.118
105,Kelsi,Parkyns,kparkyns2w@timesonline.co.uk,Non-binary,149.59.253.242
106,Maighdiln,Ambrogini,mambrogini2x@e-recht24.de,Agender,156.209.88.188
107,Dannel,Sleford,dsleford2y@ihg.com,Agender,26.142.171.164
108,Fabian,Siley,fsiley2z@illinois.edu,Male,200.152.158.151
109,Hercules,Venus,hvenus30@wikispaces.com,Agender,229.202.59.54
110,Tammy,Itschakov,titschakov31@microsoft.com,Non-binary,172.44.36.72
111,Birgit,Flack,bflack32@fda.gov,Non-binary,156.100.17.80
112,Ellsworth,Causbey,ecausbey33@oakley.com,Non-binary,30.238.166.156
113,Graehme,Gilley,ggilley34@infoseek.co.jp,Genderqueer,248.36.141.172
114,Debee,Gherardesci,dgherardesci35@hubpages.com,Non-binary,73.221.243.78
115,Skipper,Boydell,sboydell36@deviantart.com,Non-binary,239.95.232.126
116,Priscilla,Gouge,pgouge37@technorati.com,Female,136.8.43.128
117,Morissa,Dorow,mdorow38@prlog.org,Agender,122.195.134.198
118,Burl,Eccleshare,beccleshare39@cnet.com,Non-binary,99.204.174.23
119,Christy,Read,cread3a@pagesperso-orange.fr,Male,103.87.129.105
120,Fairlie,De Biaggi,fdebiaggi3b@unesco.org,Polygender,29.173.253.216
121,Giorgi,Tomadoni,gtomadoni3c@blogtalkradio.com,Agender,68.178.204.170
122,Veronique,Choke,vchoke3d@qq.com,Genderqueer,21.141.8.44
123,Cecily,Purkiss,cpurkiss3e@booking.com,Genderfluid,28.214.250.75
124,Devan,Shedden,dshedden3f@mit.edu,Agender,118.102.81.100
125,Lennard,Pettitt,lpettitt3g@marketwatch.com,Non-binary,212.47.230.94
126,Ferdie,Tilston,ftilston3h@imgur.com,Non-binary,22.110.89.222
127,Tulley,Brailey,tbrailey3i@bluehost.com,Genderfluid,114.103.7.233
128,Ashlee,Wardington,awardington3j@umn.edu,Non-binary,250.158.101.197
129,Sly,Heinert,sheinert3k@rambler.ru,Non-binary,60.98.99.34
130,Deana,Kynston,dkynston3l@go.com,Genderqueer,100.238.189.94
131,Curt,Crebott,ccrebott3m@guardian.co.uk,Bigender,178.96.19.247
132,Pattie,Innes,pinnes3n@merriam-webster.com,Genderfluid,81.68.29.219
133,Cristine,Walenta,cwalenta3o@cornell.edu,Male,168.248.58.184
134,Randi,Laible,rlaible3p@bing.com,Genderqueer,251.206.203.245
135,Roderich,Grushin,rgrushin3q@spiegel.de,Agender,218.163.122.22
136,Alane,Lanfere,alanfere3r@angelfire.com,Non-binary,218.11.111.108
137,Ezekiel,Howard - Gater,ehowardgater3s@bbc.co.uk,Genderqueer,141.150.81.167
138,Uta,Sermin,usermin3t@moonfruit.com,Male,164.152.165.53
139,Tedda,Baumaier,tbaumaier3u@tripod.com,Female,204.70.107.1
140,Giulio,Murra,gmurra3v@dot.gov,Female,93.194.40.28
141,Roddie,Schulze,rschulze3w@twitpic.com,Bigender,103.168.114.191
142,Augustine,Donwell,adonwell3x@wordpress.org,Bigender,21.206.167.141
143,Heidie,Dowles,hdowles3y@ftc.gov,Polygender,233.94.159.112
144,Sharai,Maletratt,smaletratt3z@mashable.com,Female,252.2.13.2
145,Angele,Busek,abusek40@is.gd,Agender,94.235.49.72
146,Budd,Fittall,bfittall41@networkadvertising.org,Female,22.136.102.8
147,Sloan,Peck,speck42@yolasite.com,Agender,248.102.78.238
148,York,Nielson,ynielson43@canalblog.com,Bigender,163.176.134.234
149,Omar,Nekrews,onekrews44@ucsd.edu,Genderqueer,142.85.196.254
150,Keelia,Hultberg,khultberg45@mapquest.com,Agender,148.218.141.96
151,Parker,Dawtry,pdawtry46@time.com,Non-binary,194.247.244.111
152,Nancy,Yakolev,nyakolev47@ebay.com,Male,110.122.124.19
153,Dita,Taborre,dtaborre48@desdev.cn,Male,194.254.102.31
154,Valencia,Bertomier,vbertomier49@dmoz.org,Female,51.71.83.219
155,Cyndi,Ben-Aharon,cbenaharon4a@php.net,Genderfluid,208.114.24.74
156,Roseanna,Rudolf,rrudolf4b@bloglines.com,Non-binary,171.96.179.247
157,Clemente,Savege,csavege4c@livejournal.com,Female,135.133.26.77
158,Ferris,Juschka,fjuschka4d@360.cn,Genderfluid,75.22.227.148
159,Lyndsay,Fee,lfee4e@reuters.com,Polygender,214.59.244.153
160,Brigit,Joriot,bjoriot4f@friendfeed.com,Genderfluid,18.40.117.165
161,Aylmar,Keppe,akeppe4g@vkontakte.ru,Polygender,209.241.13.106
162,Emmy,Brettoner,ebrettoner4h@eventbrite.com,Agender,190.152.203.88
163,Elihu,Canaan,ecanaan4i@loc.gov,Female,189.243.59.187
164,Patience,Smardon,psmardon4j@skype.com,Genderfluid,214.247.228.40
165,Mercie,Lunn,mlunn4k@usatoday.com,Genderfluid,161.5.243.152
166,Guillemette,Neilly,gneilly4l@epa.gov,Bigender,135.59.190.141
167,Adi,McQuilty,amcquilty4m@dailymail.co.uk,Polygender,220.207.60.151
168,Nara,Ludgate,nludgate4n@stumbleupon.com,Bigender,198.251.121.139
169,Kayle,Swinford,kswinford4o@g.co,Agender,1.76.44.213
170,Flo,Towll,ftowll4p@free.fr,Agender,121.238.85.38
171,Woody,Dudill,wdudill4q@ihg.com,Non-binary,67.29.248.154
172,Eduard,Challoner,echalloner4r@t-online.de,Agender,29.134.160.28
173,Rhys,Rymer,rrymer4s@dmoz.org,Female,195.236.250.220
174,Lynnette,Artinstall,lartinstall4t@ucsd.edu,Male,62.96.225.251
175,Elyssa,Burtwhistle,eburtwhistle4u@fc2.com,Genderqueer,193.75.32.15
176,Cherrita,Damerell,cdamerell4v@elegantthemes.com,Bigender,82.167.152.60
177,Peg,McIlvaney,pmcilvaney4w@topsy.com,Agender,181.115.111.48
178,Alisha,Deverall,adeverall4x@multiply.com,Agender,163.118.10.132
179,Irv,Barosch,ibarosch4y@eepurl.com,Male,61.39.169.59
180,Lorne,Veasey,lveasey4z@goodreads.com,Polygender,62.115.115.95
181,Sully,Falla,sfalla50@washingtonpost.com,Polygender,89.48.146.128
182,Georgy,Bouskill,gbouskill51@marriott.com,Bigender,217.240.225.96
183,Isabelle,Belvin,ibelvin52@joomla.org,Bigender,242.197.115.51
184,Bridie,Suggitt,bsuggitt53@independent.co.uk,Non-binary,119.70.204.109
185,Codie,Cottey,ccottey54@edublogs.org,Genderqueer,102.15.132.141
186,Iago,Cough,icough55@addtoany.com,Non-binary,239.15.247.51
187,Brittne,Spensley,bspensley56@nsw.gov.au,Genderfluid,236.24.20.186
188,Archer,Roiz,aroiz57@amazon.co.jp,Genderqueer,216.251.183.242
189,Beckie,Style,bstyle58@devhub.com,Male,166.245.231.179
190,Fifine,Lutsch,flutsch59@g.co,Polygender,188.152.32.252
191,Myriam,Leaton,mleaton5a@macromedia.com,Polygender,156.6.116.168
192,Skylar,Order,sorder5b@alibaba.com,Bigender,142.182.183.45
193,Marcela,Nieass,mnieass5c@t-online.de,Polygender,42.111.240.135
194,Antoni,Killingsworth,akillingsworth5d@live.com,Male,140.122.57.184
195,Abelard,Yurivtsev,ayurivtsev5e@latimes.com,Genderfluid,91.206.28.55
196,Nat,Siward,nsiward5f@wunderground.com,Male,154.63.249.94
197,Diane,Ilsley,dilsley5g@bluehost.com,Female,58.200.29.185
198,Guy,Allwood,gallwood5h@g.co,Polygender,199.103.194.238
199,Nelia,Coumbe,ncoumbe5i@mozilla.org,Female,138.215.226.7
200,Benji,Gathwaite,bgathwaite5j@rakuten.co.jp,Bigender,34.199.164.202
201,Quillan,Grundell,qgrundell5k@google.de,Bigender,213.8.172.164
202,Bernard,Pesic,bpesic5l@1und1.de,Genderfluid,203.50.86.218
203,Mathian,Dockwra,mdockwra5m@chicagotribune.com,Genderqueer,160.249.178.123
204,Syman,Busk,sbusk5n@netvibes.com,Polygender,195.165.105.10
205,Seward,Romme,sromme5o@cloudflare.com,Female,134.92.237.115
206,Godart,Tomashov,gtomashov5p@google.it,Male,154.199.162.70
207,Viva,Wickstead,vwickstead5q@go.com,Female,60.140.161.203
208,Celeste,Fice,cfice5r@smh.com.au,Genderqueer,235.232.11.172
209,Gayle,Menichini,gmenichini5s@acquirethisname.com,Female,64.169.167.213
210,Emelen,Heasman,eheasman5t@alibaba.com,Polygender,136.134.133.171
211,Lauralee,Woolstenholmes,lwoolstenholmes5u@dmoz.org,Male,151.92.153.23
212,Leland,Hurcombe,lhurcombe5v@google.co.uk,Male,195.90.185.180
213,Pietro,Emmet,pemmet5w@opera.com,Genderqueer,159.152.81.59
214,Theobald,Surgey,tsurgey5x@yelp.com,Polygender,13.8.87.10
215,Delia,Isaacs,disaacs5y@nifty.com,Genderqueer,67.209.30.83
216,Ede,Winks,ewinks5z@taobao.com,Polygender,234.174.130.84
217,Nora,Pagden,npagden60@hatena.ne.jp,Bigender,23.249.193.117
218,Nora,Edmundson,nedmundson61@comsenz.com,Genderfluid,112.20.177.83
219,Erick,Korpal,ekorpal62@live.com,Genderqueer,179.203.235.53
220,George,Swaysland,gswaysland63@businessinsider.com,Female,54.234.111.95
221,Corinna,Fidock,cfidock64@quantcast.com,Polygender,37.219.113.49
222,Branden,Cello,bcello65@ibm.com,Bigender,65.214.146.206
223,Gwenora,Digger,gdigger66@usnews.com,Bigender,98.238.253.47
224,Base,Zanicchelli,bzanicchelli67@unicef.org,Genderqueer,85.5.66.246
225,Jana,Halfhyde,jhalfhyde68@boston.com,Polygender,89.192.90.86
226,Holli,Kenneway,hkenneway69@archive.org,Male,158.163.225.138
227,Cordey,Gokes,cgokes6a@ezinearticles.com,Non-binary,226.106.82.92
228,Anetta,Davitashvili,adavitashvili6b@rediff.com,Bigender,52.166.114.101
229,Devan,Bringloe,dbringloe6c@go.com,Male,149.80.150.103
230,Patience,Dove,pdove6d@themeforest.net,Male,98.60.75.187
231,Arlena,Denton,adenton6e@tmall.com,Bigender,133.90.37.18
232,Bo,Gilks,bgilks6f@xing.com,Genderqueer,6.219.155.191
233,Trev,Placidi,tplacidi6g@ihg.com,Male,108.140.199.90
234,Garrek,Kingsman,gkingsman6h@uol.com.br,Non-binary,30.5.239.95
235,Reeba,Hubback,rhubback6i@shareasale.com,Agender,229.1.189.199
236,Aldis,Tythe,atythe6j@yale.edu,Bigender,37.13.202.74
237,Angel,Deniske,adeniske6k@ted.com,Agender,250.189.100.121
238,Sammy,Boutwell,sboutwell6l@cam.ac.uk,Genderqueer,117.211.158.155
239,Harli,Judge,hjudge6m@xrea.com,Non-binary,84.210.125.85
240,Curr,Haug,chaug6n@cloudflare.com,Polygender,98.110.208.40
241,Pen,Crux,pcrux6o@squarespace.com,Non-binary,194.157.182.254
242,Dieter,Lundy,dlundy6p@technorati.com,Agender,19.145.187.64
243,Garret,Howard - Gater,ghowardgater6q@miibeian.gov.cn,Non-binary,76.4.22.129
244,Sofie,Mendonca,smendonca6r@cnbc.com,Agender,202.169.233.239
245,Ranique,Feldfisher,rfeldfisher6s@statcounter.com,Agender,94.85.121.216
246,Israel,Neenan,ineenan6t@ox.ac.uk,Bigender,149.35.213.189
247,Claiborn,Powney,cpowney6u@angelfire.com,Genderqueer,106.209.128.91
248,Moss,Locard,mlocard6v@wordpress.org,Female,131.40.82.158
249,Kelcey,Seeks,kseeks6w@wordpress.com,Female,110.58.215.215
250,Early,Mattityahou,emattityahou6x@instagram.com,Genderfluid,155.102.220.21
251,Harley,Pankethman,hpankethman6y@vk.com,Genderqueer,198.17.248.197
252,Corbet,Martinet,cmartinet6z@histats.com,Genderqueer,255.145.190.13
253,Garland,Sheaf,gsheaf70@sciencedirect.com,Genderqueer,119.208.196.48
254,Mabel,Matys,mmatys71@odnoklassniki.ru,Bigender,5.78.162.132
255,Margalo,Keele,mkeele72@wisc.edu,Non-binary,114.44.31.84
256,Madelene,Nayshe,mnayshe73@accuweather.com,Agender,133.170.232.32
257,Paxton,Mose,pmose74@deliciousdays.com,Agender,1.30.9.194
258,Libbey,Dinan,ldinan75@barnesandnoble.com,Agender,21.180.88.98
259,Blinny,McConville,bmcconville76@xinhuanet.com,Bigender,63.24.25.23
260,Darbee,Smouten,dsmouten77@slashdot.org,Genderqueer,133.255.25.254
261,Gonzales,Dowdam,gdowdam78@reddit.com,Bigender,244.218.17.240
262,Cammie,Bontoft,cbontoft79@yandex.ru,Female,167.126.208.12
263,Virgie,Hayen,vhayen7a@springer.com,Genderqueer,154.57.45.209
264,Brodie,Pirrone,bpirrone7b@g.co,Genderqueer,186.84.29.102
265,Katya,Wrey,kwrey7c@ustream.tv,Genderqueer,255.29.251.119
266,Danila,Disbrey,ddisbrey7d@dmoz.org,Agender,69.112.173.23
267,Arlette,Attlee,aattlee7e@ask.com,Female,217.146.154.225
268,Ingram,Porker,iporker7f@google.pl,Polygender,12.142.115.194
269,Koo,Reinbech,kreinbech7g@chicagotribune.com,Polygender,66.44.164.7
270,Lawry,Hansen,lhansen7h@51.la,Female,232.222.95.183
271,Francisca,Emlyn,femlyn7i@nih.gov,Male,162.200.70.217
272,Casandra,Perks,cperks7j@wikipedia.org,Genderfluid,83.131.26.30
273,Reider,Cherryman,rcherryman7k@hibu.com,Genderfluid,201.2.46.192
274,Mendel,Foulis,mfoulis7l@nydailynews.com,Non-binary,98.12.128.54
275,Ivor,Allery,iallery7m@google.nl,Non-binary,172.68.141.174
276,Dev,Woolnough,dwoolnough7n@netvibes.com,Female,194.57.110.78
277,Carilyn,Byre,cbyre7o@arstechnica.com,Female,205.152.171.189
278,Royal,Kryszkiecicz,rkryszkiecicz7p@yellowpages.com,Non-binary,16.82.198.175
279,Dix,Castri,dcastri7q@disqus.com,Non-binary,100.185.41.224
280,Munmro,Wainscot,mwainscot7r@dagondesign.com,Polygender,163.158.12.137
281,Maryellen,Quirk,mquirk7s@irs.gov,Female,141.36.53.223
282,Rosaleen,Larder,rlarder7t@wired.com,Polygender,198.35.75.112
283,Ann-marie,Cambling,acambling7u@aboutads.info,Bigender,58.127.178.239
284,Geri,Cassey,gcassey7v@usatoday.com,Male,169.23.68.5
285,Cal,Hugenin,chugenin7w@bizjournals.com,Polygender,229.232.253.254
286,Jacintha,Martinson,jmartinson7x@goodreads.com,Polygender,115.79.183.64
287,Haleigh,Henriques,hhenriques7y@illinois.edu,Male,62.223.34.18
288,Marne,Cockrem,mcockrem7z@senate.gov,Agender,179.159.71.68
289,Braden,Andress,bandress80@joomla.org,Bigender,137.255.105.82
290,Flem,Missen,fmissen81@dedecms.com,Genderqueer,118.234.197.174
291,Christine,Bedenham,cbedenham82@wix.com,Agender,16.15.37.245
292,Shirley,Brickham,sbrickham83@reverbnation.com,Polygender,6.171.191.90
293,Weidar,Signore,wsignore84@sfgate.com,Genderqueer,150.194.58.229
294,Zebulen,Carass,zcarass85@feedburner.com,Male,42.243.203.242
295,Yves,Janko,yjanko86@addthis.com,Genderqueer,110.81.100.233
296,Hildagarde,Wanstall,hwanstall87@webmd.com,Female,223.215.252.244
297,Hadria,Marczyk,hmarczyk88@webnode.com,Non-binary,44.36.2.206
298,Katalin,De Bischof,kdebischof89@bbc.co.uk,Polygender,98.29.72.101
299,Phillipe,Fitzpayn,pfitzpayn8a@wsj.com,Agender,14.186.179.224
300,Laurence,Wraggs,lwraggs8b@blogspot.com,Genderfluid,237.171.157.185
301,Jerri,Marchbank,jmarchbank8c@salon.com,Bigender,67.254.61.251
302,Cele,Schwieso,cschwieso8d@weather.com,Polygender,214.46.246.138
303,Farra,Addie,faddie8e@google.com.hk,Female,0.210.166.221
304,Gottfried,Roffe,groffe8f@earthlink.net,Non-binary,73.19.15.11
305,Audy,Gregorace,agregorace8g@ft.com,Genderqueer,103.223.66.224
306,Mauricio,Brusle,mbrusle8h@biglobe.ne.jp,Bigender,197.65.85.82
307,Marni,Midner,mmidner8i@reddit.com,Non-binary,229.241.246.72
308,Ertha,Harewood,eharewood8j@moonfruit.com,Bigender,46.43.121.16
309,Klaus,Huckett,khuckett8k@npr.org,Non-binary,177.125.175.56
310,Katherine,Gornall,kgornall8l@upenn.edu,Male,5.255.96.5
311,Kitti,Pawson,kpawson8m@xinhuanet.com,Genderfluid,197.150.189.176
312,Irita,Colbourne,icolbourne8n@loc.gov,Polygender,110.14.70.158
313,Tiena,Proven,tproven8o@epa.gov,Polygender,156.163.203.189
314,Bernadina,Barca,bbarca8p@sitemeter.com,Agender,33.131.16.100
315,Nathalia,Rydings,nrydings8q@ehow.com,Male,194.182.169.219
316,Darya,Kedge,dkedge8r@mac.com,Non-binary,251.105.149.125
317,Milissent,Cartmell,mcartmell8s@walmart.com,Genderqueer,213.26.193.179
318,Peder,Ramshay,pramshay8t@nydailynews.com,Genderfluid,158.243.135.91
319,Lowell,Cuardall,lcuardall8u@flickr.com,Non-binary,28.254.53.232
320,Frans,Mott,fmott8v@lulu.com,Female,172.221.18.116
321,Umberto,Sparshett,usparshett8w@vistaprint.com,Female,22.176.161.85
322,Collete,Monkman,cmonkman8x@360.cn,Agender,115.220.143.61
323,Garvy,Philippart,gphilippart8y@twitter.com,Non-binary,206.73.234.42
324,Charline,Braddon,cbraddon8z@desdev.cn,Agender,84.214.66.131
325,Franz,Beverley,fbeverley90@a8.net,Genderfluid,77.26.112.224
326,Katha,Croser,kcroser91@soup.io,Female,114.28.160.86
327,Ara,Stendell,astendell92@arizona.edu,Genderfluid,138.49.34.93
328,Sandra,Bowskill,sbowskill93@dropbox.com,Genderfluid,186.140.116.239
329,Karita,Vanns,kvanns94@xrea.com,Polygender,57.210.249.141
330,Basil,Doward,bdoward95@chicagotribune.com,Polygender,145.42.241.243
331,Boy,Lesaunier,blesaunier96@kickstarter.com,Non-binary,55.246.131.194
332,Jarrad,Phateplace,jphateplace97@amazon.co.jp,Non-binary,100.197.253.32
333,Bordie,Slatford,bslatford98@vimeo.com,Non-binary,129.50.13.188
334,Emmeline,Viles,eviles99@earthlink.net,Bigender,0.48.138.223
335,Laughton,Setchfield,lsetchfield9a@tiny.cc,Agender,146.246.48.62
336,Andeee,Midgely,amidgely9b@printfriendly.com,Genderfluid,132.136.10.197
337,Beverlee,Clunie,bclunie9c@canalblog.com,Genderqueer,221.88.137.176
338,Clarance,Worsam,cworsam9d@storify.com,Genderqueer,70.157.120.181
339,Bar,McGucken,bmcgucken9e@themeforest.net,Genderqueer,205.37.184.63
340,Laverne,Eassom,leassom9f@toplist.cz,Bigender,253.123.90.43
341,Fionnula,Pulman,fpulman9g@unblog.fr,Bigender,17.29.237.190
342,Loy,Chiene,lchiene9h@pcworld.com,Bigender,188.35.94.182
343,Henka,Boyde,hboyde9i@virginia.edu,Non-binary,244.58.68.60
344,Oliy,Wilshire,owilshire9j@abc.net.au,Agender,194.192.134.135
345,Rodger,Wisker,rwisker9k@tmall.com,Polygender,140.84.91.168
346,Bondon,Loade,bloade9l@wordpress.org,Polygender,31.38.228.183
347,Cristionna,Kruschev,ckruschev9m@yahoo.co.jp,Genderfluid,234.100.215.192
348,Blondell,Dutnall,bdutnall9n@qq.com,Female,22.235.127.105
349,Donnie,Deeves,ddeeves9o@acquirethisname.com,Polygender,243.3.163.50
350,Dalenna,Raimbauld,draimbauld9p@163.com,Male,72.184.107.51
351,Jen,Posner,jposner9q@bbc.co.uk,Bigender,26.99.172.54
352,Randal,Blumer,rblumer9r@accuweather.com,Genderfluid,214.250.27.111
353,Beau,Weeds,bweeds9s@abc.net.au,Agender,3.75.101.6
354,Sawyer,O'Longain,solongain9t@jiathis.com,Genderqueer,215.194.40.150
355,Lura,Hilary,lhilary9u@exblog.jp,Male,93.205.249.163
356,Lorna,Wahncke,lwahncke9v@youtu.be,Bigender,249.156.22.115
357,Keene,Mountcastle,kmountcastle9w@plala.or.jp,Bigender,48.34.239.186
358,Zaria,Butten,zbutten9x@latimes.com,Bigender,121.150.134.246
359,Latisha,Chessel,lchessel9y@go.com,Agender,228.60.80.121
360,Sallyann,Serchwell,sserchwell9z@nih.gov,Bigender,113.112.44.241
361,Lucienne,Zanetti,lzanettia0@dailymotion.com,Genderqueer,164.199.226.64
362,Hank,Swanton,hswantona1@wiley.com,Female,244.169.143.79
363,Gavan,Warde,gwardea2@sohu.com,Male,202.142.79.248
364,Catharina,Roadknight,croadknighta3@mit.edu,Agender,11.183.255.75
365,Clevie,Burke,cburkea4@mediafire.com,Bigender,65.171.53.191
366,Puff,Hinkensen,phinkensena5@domainmarket.com,Female,252.251.24.254
367,Winni,Queripel,wqueripela6@unesco.org,Bigender,89.201.209.144
368,Coreen,O'Moylan,comoylana7@ca.gov,Polygender,157.33.76.171
369,Ardelia,Weatherell,aweatherella8@mysql.com,Genderfluid,79.74.165.163
370,Deedee,Swendell,dswendella9@earthlink.net,Polygender,156.16.225.192
371,Rock,Bigby,rbigbyaa@ovh.net,Genderfluid,13.138.171.159
372,Shantee,Trathen,strathenab@booking.com,Male,188.11.235.203
373,Rutger,Tapper,rtapperac@imgur.com,Genderqueer,130.34.81.162
374,Sonnnie,Attiwill,sattiwillad@guardian.co.uk,Non-binary,129.59.34.131
375,Smith,Warlock,swarlockae@gravatar.com,Polygender,88.182.92.115
376,Carla,Smylie,csmylieaf@nydailynews.com,Agender,36.142.153.173
377,Rhody,Jakubovski,rjakubovskiag@youtu.be,Non-binary,154.72.74.46
378,Amabelle,Norres,anorresah@ucoz.ru,Bigender,41.127.142.251
379,Del,Ivanuschka,divanuschkaai@smugmug.com,Female,89.44.229.153
380,Massimiliano,Arrell,marrellaj@surveymonkey.com,Genderqueer,195.90.164.168
381,Rebbecca,Murfett,rmurfettak@china.com.cn,Genderqueer,237.58.171.206
382,Kimble,Hetterich,khetterichal@issuu.com,Bigender,236.155.40.191
383,Abramo,Leverage,aleverageam@psu.edu,Bigender,170.230.99.239
384,Darrel,Kelf,dkelfan@privacy.gov.au,Non-binary,108.82.9.100
385,Ralina,McRuvie,rmcruvieao@slate.com,Female,2.61.223.223
386,Meryl,Norcop,mnorcopap@wikispaces.com,Genderfluid,199.196.82.67
387,Ardelis,Ortet,aortetaq@hibu.com,Male,242.28.105.62
388,Leah,Chaloner,lchalonerar@hud.gov,Polygender,235.102.32.189
389,Krystalle,Hawker,khawkeras@gov.uk,Polygender,129.234.98.196
390,Tedman,O'Leagham,toleaghamat@pen.io,Genderfluid,72.54.244.132
391,Jourdain,Trounson,jtrounsonau@wordpress.com,Female,20.59.25.18
392,Kristi,Klainer,kklainerav@virginia.edu,Polygender,91.185.66.219
393,Gale,Ash,gashaw@liveinternet.ru,Polygender,141.192.136.19
394,Odelinda,Kennealy,okennealyax@printfriendly.com,Female,68.194.199.61
395,Linell,Vicar,lvicaray@lulu.com,Male,84.114.134.194
396,Jefferey,Boeck,jboeckaz@xing.com,Bigender,42.69.194.120
397,Blanca,Baine,bbaineb0@ca.gov,Non-binary,0.233.203.86
398,Marlena,Astridge,mastridgeb1@symantec.com,Genderqueer,114.239.117.229
399,Tobe,Pauncefoot,tpauncefootb2@thetimes.co.uk,Genderfluid,9.149.216.64
400,Innis,Dioniso,idionisob3@oracle.com,Agender,41.16.4.66
401,Fleurette,Curl,fcurlb4@whitehouse.gov,Male,211.116.102.42
402,Alwin,Drewery,adreweryb5@examiner.com,Bigender,223.61.167.30
403,Josh,Arenson,jarensonb6@samsung.com,Female,210.181.101.229
404,Cookie,Goggen,cgoggenb7@pinterest.com,Genderqueer,168.17.25.196
405,Miof mela,Haigh,mhaighb8@tamu.edu,Polygender,220.175.55.88
406,Marjory,Castard,mcastardb9@buzzfeed.com,Polygender,19.243.161.158
407,Dennis,Beecker,dbeeckerba@spotify.com,Bigender,160.247.165.28
408,Darb,Tarbatt,dtarbattbb@patch.com,Bigender,249.251.66.7
409,Brok,Beyn,bbeynbc@bing.com,Agender,143.24.188.93
410,Raf,Hought,rhoughtbd@redcross.org,Agender,9.18.96.255
411,Stevy,Braywood,sbraywoodbe@printfriendly.com,Genderfluid,162.173.105.19
412,Brewer,O' Hern,bohernbf@discuz.net,Polygender,64.28.205.28
413,Reba,Dofty,rdoftybg@nasa.gov,Female,172.151.173.101
414,Cece,Baldoni,cbaldonibh@parallels.com,Agender,107.80.202.117
415,Zea,Le Moucheux,zlemoucheuxbi@senate.gov,Agender,171.180.92.128
416,Felicia,Jowett,fjowettbj@seesaa.net,Bigender,252.94.90.30
417,Marcos,Broe,mbroebk@arizona.edu,Male,252.82.43.54
418,Eleonora,Presho,epreshobl@ebay.com,Male,62.199.9.137
419,Agretha,Noah,anoahbm@nationalgeographic.com,Female,66.10.34.97
420,Mitch,Dispencer,mdispencerbn@smh.com.au,Female,100.6.163.46
421,Ardath,Whall,awhallbo@plala.or.jp,Male,68.30.108.13
422,Ruthy,Haddon,rhaddonbp@dmoz.org,Genderfluid,162.35.11.208
423,Tarra,Wroughton,twroughtonbq@princeton.edu,Non-binary,236.24.61.173
424,Karlan,Cutmare,kcutmarebr@sourceforge.net,Bigender,27.111.92.65
425,Randall,Blewmen,rblewmenbs@histats.com,Male,220.224.123.112
426,Rivkah,Prendergast,rprendergastbt@cornell.edu,Genderfluid,156.178.219.190
427,Alison,Shieldon,ashieldonbu@jalbum.net,Female,172.95.60.60
428,Chrisy,Smiths,csmithsbv@japanpost.jp,Genderfluid,209.176.148.190
429,Stacee,Tarrant,starrantbw@netscape.com,Male,145.2.72.236
430,Malynda,Addekin,maddekinbx@theglobeandmail.com,Male,159.127.60.22
431,Amargo,Klima,aklimaby@paypal.com,Female,64.242.23.205
432,Kaitlyn,Sanderson,ksandersonbz@cnbc.com,Genderqueer,38.199.54.132
433,Dalli,Bianco,dbiancoc0@last.fm,Female,23.148.105.10
434,Bailie,Barstowk,bbarstowkc1@pagesperso-orange.fr,Agender,168.243.146.160
435,Val,Dugood,vdugoodc2@hud.gov,Non-binary,125.188.34.0
436,Tiertza,Gillopp,tgilloppc3@vistaprint.com,Polygender,6.184.64.101
437,Cortie,Hanley,chanleyc4@studiopress.com,Non-binary,200.194.199.177
438,Edlin,Romagnosi,eromagnosic5@facebook.com,Bigender,199.59.172.135
439,Dotty,Stothart,dstothartc6@domainmarket.com,Genderfluid,228.151.255.121
440,Fiona,Guile,fguilec7@java.com,Agender,106.67.154.205
441,Evey,Bramsen,ebramsenc8@people.com.cn,Genderfluid,216.116.1.11
442,Fina,Cloonan,fcloonanc9@jimdo.com,Non-binary,147.230.234.12
443,Lem,Dayer,ldayerca@jalbum.net,Female,164.218.28.61
444,Gerhard,Dalmon,gdalmoncb@slideshare.net,Non-binary,118.217.66.251
445,Jimmie,Shall,jshallcc@cocolog-nifty.com,Agender,186.130.25.199
446,Rochella,Wornum,rwornumcd@github.io,Bigender,78.167.99.124
447,Janella,Beneteau,jbeneteauce@booking.com,Non-binary,116.237.212.205
448,Min,Wimpeney,mwimpeneycf@yolasite.com,Agender,232.133.12.219
449,Desirae,Binding,dbindingcg@pbs.org,Genderfluid,183.179.49.152
450,Bastian,Paulat,bpaulatch@theglobeandmail.com,Polygender,228.72.54.228
451,Thibaut,Giorgini,tgiorginici@ezinearticles.com,Genderfluid,155.203.28.196
452,Holmes,Downey,hdowneycj@msn.com,Non-binary,16.16.108.210
453,Rita,Euston,reustonck@qq.com,Female,185.166.197.45
454,Wendall,Braxton,wbraxtoncl@imgur.com,Genderfluid,243.115.155.86
455,Collen,Malkinson,cmalkinsoncm@google.co.jp,Male,49.85.254.246
456,Vinny,Kier,vkiercn@purevolume.com,Bigender,15.63.124.11
457,Shir,Francescoccio,sfrancescoccioco@washington.edu,Female,174.81.119.185
458,Clary,Hobson,chobsoncp@amazon.co.uk,Male,213.151.57.126
459,Berthe,Videneev,bvideneevcq@webeden.co.uk,Genderfluid,204.163.176.68
460,Meridel,Davydzenko,mdavydzenkocr@hatena.ne.jp,Bigender,45.179.65.43
461,Engracia,Dagnan,edagnancs@bloglovin.com,Polygender,42.128.88.19
462,Nealy,Tonge,ntongect@goo.gl,Genderqueer,106.128.62.125
463,Tandy,Iban,tibancu@yelp.com,Male,149.141.190.189
464,Brook,Gosswell,bgosswellcv@craigslist.org,Agender,81.61.23.187
465,Merrill,Layborn,mlayborncw@army.mil,Bigender,235.113.190.212
466,Ivar,Geillier,igeilliercx@ucsd.edu,Genderfluid,93.169.86.30
467,Bernete,Sworn,bsworncy@cisco.com,Non-binary,116.215.129.44
468,Henka,Kyneton,hkynetoncz@opensource.org,Non-binary,174.247.142.148
469,Gifford,Zisneros,gzisnerosd0@prlog.org,Female,108.99.242.227
470,Hildy,Waleran,hwalerand1@craigslist.org,Genderfluid,14.163.190.227
471,Bev,Rowth,browthd2@elegantthemes.com,Non-binary,173.201.81.180
472,Ainsley,Bettles,abettlesd3@amazon.co.uk,Bigender,7.4.31.121
473,Gale,Marcoolyn,gmarcoolynd4@utexas.edu,Genderfluid,101.238.18.148
474,Mervin,Formigli,mformiglid5@cloudflare.com,Polygender,76.45.244.84
475,Orly,Kennifeck,okennifeckd6@typepad.com,Bigender,226.69.161.47
476,Melanie,Schmidt,mschmidtd7@mayoclinic.com,Genderqueer,72.255.178.79
477,Waylon,Thormann,wthormannd8@seesaa.net,Polygender,42.117.67.241
478,Gene,Date,gdated9@craigslist.org,Genderfluid,171.106.51.143
479,Javier,Sutliff,jsutliffda@chicagotribune.com,Non-binary,206.217.45.207
480,Brita,Carnier,bcarnierdb@fc2.com,Polygender,126.49.239.173
481,Kizzee,Gullivent,kgulliventdc@ebay.com,Genderqueer,209.60.18.9
482,Miriam,Cornwall,mcornwalldd@soundcloud.com,Non-binary,82.109.218.168
483,Sigvard,Veel,sveelde@purevolume.com,Genderfluid,142.231.116.29
484,Jeramie,Farnham,jfarnhamdf@bloglines.com,Genderfluid,62.240.189.228
485,Luella,Lockier,llockierdg@umn.edu,Male,86.81.141.209
486,Buddie,Cyples,bcyplesdh@odnoklassniki.ru,Genderfluid,204.237.199.242
487,Jeth,Do,jdodi@bigcartel.com,Polygender,168.141.170.245
488,Dev,Cherrison,dcherrisondj@java.com,Genderfluid,109.55.125.231
489,Honoria,Wolfer,hwolferdk@shutterfly.com,Male,0.109.124.7
490,Chico,Huggons,chuggonsdl@a8.net,Genderfluid,204.220.91.85
491,Mikel,Ingledow,mingledowdm@japanpost.jp,Genderqueer,183.216.212.12
492,Sarita,Yancey,syanceydn@whitehouse.gov,Non-binary,96.188.225.44
493,Diahann,Meus,dmeusdo@mit.edu,Genderqueer,201.189.128.44
494,Curtice,MacMillan,cmacmillandp@about.me,Genderfluid,26.78.238.73
495,Laure,O' Gara,logaradq@washington.edu,Female,47.127.205.6
496,Lorne,Czyz,lczyzdr@is.gd,Male,122.185.66.50
497,Shaylah,Lune,sluneds@seesaa.net,Genderqueer,115.172.174.225
498,Charin,Swinfon,cswinfondt@liveinternet.ru,Agender,25.149.64.177
499,Naoma,Thornber,nthornberdu@sfgate.com,Genderfluid,101.181.251.192
500,Marylinda,Mallabon,mmallabondv@qq.com,Polygender,61.118.49.242
501,Minette,Pickrill,mpickrilldw@altervista.org,Non-binary,94.116.189.76
502,Dick,Godlonton,dgodlontondx@quantcast.com,Agender,236.214.146.169
503,Welbie,Astbery,wastberydy@abc.net.au,Female,37.109.34.107
504,Edee,Hardway,ehardwaydz@weebly.com,Genderqueer,158.209.46.54
505,Coraline,Skae,cskaee0@qq.com,Male,12.171.5.136
506,Ginger,Cristol,gcristole1@japanpost.jp,Female,114.202.211.242
507,Belva,Abramzon,babramzone2@instagram.com,Male,235.35.135.108
508,Blair,Tremollet,btremollete3@yahoo.com,Female,83.181.20.65
509,Marrilee,Gammon,mgammone4@omniture.com,Agender,26.169.190.177
510,Lib,Geroldi,lgeroldie5@springer.com,Agender,152.43.97.71
511,Juliet,Schouthede,jschouthedee6@webmd.com,Female,160.86.28.228
512,Talbert,Dark,tdarke7@cdc.gov,Female,16.37.168.161
513,Brena,McNee,bmcneee8@creativecommons.org,Female,83.20.199.128
514,Elfrida,Stannard,estannarde9@bizjournals.com,Non-binary,113.94.129.169
515,Alexander,Cannaway,acannawayea@foxnews.com,Non-binary,176.29.172.142
516,Tammie,Heintz,theintzeb@virginia.edu,Genderfluid,183.85.155.190
517,Ashlin,Demchen,ademchenec@oracle.com,Male,51.30.53.176
518,Sherye,MacCaughey,smaccaugheyed@friendfeed.com,Genderfluid,52.9.31.68
519,Vi,Swyer,vswyeree@webmd.com,Genderqueer,29.112.53.37
520,Penn,Bottrill,pbottrillef@paginegialle.it,Male,102.133.219.51
521,Ancell,Davers,adaverseg@t.co,Bigender,188.65.235.34
522,Gladys,Lochhead,glochheadeh@hao123.com,Bigender,249.138.121.118
523,Mandi,Hanbury,mhanburyei@scribd.com,Non-binary,0.90.245.137
524,Kriste,Teers,kteersej@eventbrite.com,Male,221.85.6.82
525,Tish,Sellar,tsellarek@hatena.ne.jp,Bigender,51.240.255.37
526,Andrew,Coaster,acoasterel@wikia.com,Genderqueer,105.59.37.32
527,Dan,Farry,dfarryem@sciencedirect.com,Female,145.197.0.47
528,Atalanta,Whittock,awhittocken@utexas.edu,Female,190.82.96.87
529,Samara,Zeplin,szeplineo@samsung.com,Bigender,213.97.224.73
530,Marylin,Duckett,mduckettep@1688.com,Genderfluid,172.24.34.58
531,Celka,MacMychem,cmacmychemeq@opera.com,Genderqueer,217.240.30.83
532,Darcee,Simounet,dsimouneter@over-blog.com,Genderfluid,8.113.127.109
533,Cullen,Josephov,cjosephoves@amazon.de,Bigender,24.157.251.65
534,Juli,Blampy,jblampyet@about.me,Genderfluid,188.241.91.61
535,Georgi,Riglar,griglareu@wix.com,Agender,164.148.231.63
536,Cybil,Ranby,cranbyev@abc.net.au,Bigender,227.109.103.122
537,Frazier,Baumaier,fbaumaierew@angelfire.com,Male,171.83.77.196
538,Sayres,McNess,smcnessex@rediff.com,Bigender,142.210.253.170
539,Carrol,Cruft,ccruftey@fc2.com,Genderfluid,71.171.70.172
540,Sid,Jirka,sjirkaez@toplist.cz,Genderqueer,89.198.214.219
541,Jarrad,Errey,jerreyf0@cbsnews.com,Bigender,186.133.213.40
542,Stephine,Larroway,slarrowayf1@businesswire.com,Polygender,117.61.69.110
543,Faustina,Ozintsev,fozintsevf2@moonfruit.com,Female,59.126.144.70
544,Daffy,Stears,dstearsf3@go.com,Genderfluid,71.196.109.143
545,Dulce,Cardall,dcardallf4@smugmug.com,Polygender,209.159.16.30
546,Micheline,Rodolf,mrodolff5@blog.com,Bigender,136.32.214.188
547,Cozmo,Piser,cpiserf6@diigo.com,Agender,231.116.116.216
548,Jo-ann,Ghirardi,jghirardif7@google.fr,Genderqueer,56.119.111.210
549,Rosina,Yurenin,ryureninf8@ebay.co.uk,Agender,179.225.47.98
550,Aggy,Brickell,abrickellf9@over-blog.com,Agender,131.62.99.17
551,Bambie,Rankin,brankinfa@boston.com,Non-binary,157.2.250.27
552,Wylma,McLenahan,wmclenahanfb@woothemes.com,Female,234.16.193.97
553,Merrili,Labram,mlabramfc@blogtalkradio.com,Genderfluid,3.38.244.102
554,Hilliary,Sirey,hsireyfd@tinyurl.com,Agender,22.47.235.236
555,Karlie,Comizzoli,kcomizzolife@illinois.edu,Male,11.166.82.12
556,Fleming,Tiffin,ftiffinff@etsy.com,Female,109.220.21.59
557,Dulciana,Rigts,drigtsfg@wunderground.com,Agender,1.22.237.171
558,Cherice,Starte,cstartefh@yelp.com,Genderfluid,9.136.159.118
559,Lavena,Wisniowski,lwisniowskifi@blog.com,Genderqueer,119.234.146.97
560,Katusha,Bromley,kbromleyfj@smugmug.com,Genderfluid,22.202.215.135
561,Karie,Wagenen,kwagenenfk@marketwatch.com,Genderqueer,216.115.213.240
562,Thorndike,Kunzel,tkunzelfl@hugedomains.com,Male,233.226.123.254
563,Clevie,McGraith,cmcgraithfm@symantec.com,Agender,84.135.113.137
564,Violet,Boat,vboatfn@ow.ly,Genderfluid,214.123.96.27
565,Mireille,Besque,mbesquefo@miitbeian.gov.cn,Genderfluid,231.158.146.175
566,Gunar,Gaudon,ggaudonfp@aboutads.info,Agender,75.78.169.140
567,Adelle,Corradengo,acorradengofq@nytimes.com,Female,213.18.83.227
568,Codee,Aburrow,caburrowfr@phoca.cz,Polygender,106.86.234.32
569,Marilin,Cropper,mcropperfs@deliciousdays.com,Polygender,136.194.211.42
570,Shawna,Osgarby,sosgarbyft@gnu.org,Polygender,6.43.216.164
571,Valera,Bisgrove,vbisgrovefu@smugmug.com,Genderqueer,81.185.199.12
572,Rebecka,Meininking,rmeininkingfv@a8.net,Bigender,12.12.43.74
573,Amy,Bosence,abosencefw@usnews.com,Polygender,16.134.204.154
574,Gabriell,Park,gparkfx@nasa.gov,Bigender,81.95.223.171
575,Weston,Conring,wconringfy@imgur.com,Male,222.109.98.198
576,Ginni,Vequaud,gvequaudfz@java.com,Polygender,177.174.189.149
577,Dotti,Dury,dduryg0@ebay.co.uk,Male,156.89.253.111
578,Laurene,Lucia,lluciag1@wisc.edu,Polygender,3.75.248.56
579,Carissa,Lanon,clanong2@drupal.org,Non-binary,69.163.141.2
580,Mamie,Hunt,mhuntg3@nhs.uk,Genderqueer,116.52.118.98
581,Ayn,Arnall,aarnallg4@chron.com,Bigender,21.42.251.158
582,Frederick,Vermer,fvermerg5@over-blog.com,Genderqueer,171.243.206.150
583,Myrah,Culp,mculpg6@jimdo.com,Female,219.119.74.30
584,Agata,McDavitt,amcdavittg7@people.com.cn,Agender,172.251.63.222
585,Clerkclaude,Beamand,cbeamandg8@nationalgeographic.com,Genderqueer,245.14.205.238
586,Udell,Wackly,uwacklyg9@mtv.com,Non-binary,207.202.229.183
587,Nyssa,Trahear,ntrahearga@ocn.ne.jp,Female,188.132.77.42
588,Lazare,Spottiswoode,lspottiswoodegb@baidu.com,Female,230.1.197.92
589,Connie,Eckels,ceckelsgc@printfriendly.com,Female,242.50.79.178
590,Traver,Nevin,tnevingd@businesswire.com,Polygender,151.204.22.247
591,Shanda,Scrimgeour,sscrimgeourge@360.cn,Non-binary,229.49.121.167
592,Bibby,Caisley,bcaisleygf@time.com,Male,2.63.207.154
593,Blaine,Haslewood,bhaslewoodgg@msu.edu,Genderqueer,179.58.151.108
594,Theo,MacMychem,tmacmychemgh@blogger.com,Genderqueer,107.231.208.246
595,Scott,Boggis,sboggisgi@typepad.com,Polygender,43.5.71.250
596,Rodger,Hubbard,rhubbardgj@va.gov,Polygender,184.107.112.109
597,Neddie,Ghirardi,nghirardigk@edublogs.org,Genderqueer,224.248.246.182
598,Orville,Spriddle,ospriddlegl@mozilla.com,Genderqueer,79.163.64.70
599,Melisande,Barthram,mbarthramgm@state.gov,Polygender,33.221.252.232
600,Iver,Dallin,idallingn@cmu.edu,Genderqueer,216.94.197.120
601,Cliff,Soldi,csoldigo@blogger.com,Polygender,221.19.219.18
602,Goran,Colaton,gcolatongp@soundcloud.com,Non-binary,68.102.94.88
603,Quent,Brende,qbrendegq@opensource.org,Genderqueer,132.84.40.99
604,Willard,Cordall,wcordallgr@jigsy.com,Bigender,143.183.235.72
605,Nolie,Basler,nbaslergs@nih.gov,Agender,192.161.77.237
606,Lotte,Smorthit,lsmorthitgt@hostgator.com,Non-binary,160.58.33.49
607,Germayne,Fincke,gfinckegu@slate.com,Female,224.114.16.158
608,Bartel,Foggarty,bfoggartygv@vk.com,Male,82.174.252.141
609,Homer,Athowe,hathowegw@slashdot.org,Genderfluid,143.192.90.146
610,Bertina,Bartholomieu,bbartholomieugx@ustream.tv,Polygender,198.1.158.198
611,Hans,Hartshorne,hhartshornegy@t-online.de,Agender,165.225.147.244
612,Gavra,Picknett,gpicknettgz@multiply.com,Polygender,111.68.76.43
613,Zola,McKall,zmckallh0@github.io,Male,146.138.237.137
614,Bink,Hamill,bhamillh1@phoca.cz,Polygender,36.124.254.83
615,Dacey,Merill,dmerillh2@utexas.edu,Agender,125.130.201.95
616,Ines,Trank,itrankh3@clickbank.net,Genderfluid,29.247.137.65
617,Jere,Benoey,jbenoeyh4@pen.io,Agender,95.219.154.175
618,Ekaterina,Patifield,epatifieldh5@imdb.com,Female,103.7.110.203
619,Blake,De Ambrosis,bdeambrosish6@house.gov,Female,157.184.183.107
620,Darda,Sterte,dsterteh7@cdbaby.com,Polygender,245.39.23.68
621,Franni,Peskin,fpeskinh8@samsung.com,Female,122.144.250.17
622,Brion,Daville,bdavilleh9@wisc.edu,Genderqueer,202.239.115.101
623,Brenn,Daton,bdatonha@amazon.de,Bigender,130.24.198.142
624,Cesaro,Crossman,ccrossmanhb@abc.net.au,Non-binary,185.19.149.211
625,Chanda,Mouse,cmousehc@twitpic.com,Agender,162.2.60.133
626,Mead,Pes,mpeshd@newsvine.com,Non-binary,7.47.229.116
627,Milton,Osmon,mosmonhe@spotify.com,Polygender,31.90.138.112
628,Lissie,Grima,lgrimahf@harvard.edu,Non-binary,121.6.172.38
629,Maris,Alvis,malvishg@nymag.com,Genderqueer,63.4.119.152
630,Wynn,Huyge,whuygehh@cpanel.net,Polygender,198.250.110.103
631,Katlin,Keyme,kkeymehi@berkeley.edu,Polygender,154.153.189.244
632,Mendy,McComish,mmccomishhj@guardian.co.uk,Polygender,226.162.154.13
633,Mallory,Costan,mcostanhk@1688.com,Male,31.229.19.250
634,Jillane,Snowling,jsnowlinghl@ted.com,Polygender,247.84.224.62
635,Giorgio,Lys,glyshm@ow.ly,Female,227.4.83.113
636,Pegeen,Timlett,ptimletthn@flavors.me,Genderqueer,199.147.122.196
637,Barbabra,Lunt,bluntho@barnesandnoble.com,Genderqueer,235.164.234.195
638,Claudian,Milius,cmiliushp@cbsnews.com,Polygender,26.246.28.168
639,Dewey,Kondratenya,dkondratenyahq@amazonaws.com,Polygender,214.187.55.147
640,Marlin,Murgatroyd,mmurgatroydhr@xing.com,Polygender,167.184.245.4
641,Fayina,Orrell,forrellhs@admin.ch,Male,187.101.184.211
642,Harriett,Teague,hteagueht@umich.edu,Non-binary,228.106.40.242
643,Jay,Grattage,jgrattagehu@goo.gl,Polygender,186.118.133.227
644,Evangelin,MacCleod,emaccleodhv@whitehouse.gov,Agender,193.1.206.73
645,Prudi,Cecil,pcecilhw@sciencedaily.com,Bigender,6.40.164.94
646,Genni,Lax,glaxhx@scribd.com,Agender,146.14.141.252
647,Erhard,Grayley,egrayleyhy@shareasale.com,Polygender,122.53.171.6
648,Viviana,Vasyunkin,vvasyunkinhz@noaa.gov,Polygender,118.107.220.149
649,Waldo,Swanbourne,wswanbournei0@bizjournals.com,Polygender,254.217.26.19
650,Engracia,Oneal,eoneali1@army.mil,Non-binary,0.148.27.36
651,Elbertine,Bergen,ebergeni2@friendfeed.com,Male,56.143.193.69
652,Jocko,Davydenko,jdavydenkoi3@google.de,Agender,170.45.114.68
653,Barbi,McHarry,bmcharryi4@squarespace.com,Agender,244.255.15.123
654,Pen,Van Dalen,pvandaleni5@mashable.com,Genderfluid,191.177.33.134
655,Glen,Corona,gcoronai6@goo.ne.jp,Agender,164.26.130.222
656,Doll,Hurdedge,dhurdedgei7@usda.gov,Polygender,78.139.82.10
657,Carri,Handrahan,chandrahani8@bbb.org,Genderfluid,64.28.223.229
658,Benji,Berston,bberstoni9@shareasale.com,Agender,143.63.245.111
659,Tarrance,Burel,tburelia@go.com,Agender,66.124.14.60
660,Killie,Lightman,klightmanib@hhs.gov,Bigender,246.54.216.6
661,Devlen,Danell,ddanellic@ca.gov,Agender,108.109.37.172
662,Matilda,Tiltman,mtiltmanid@wufoo.com,Agender,159.249.219.94
663,Chelsea,Berridge,cberridgeie@engadget.com,Female,105.152.104.5
664,Nanon,Speir,nspeirif@shop-pro.jp,Non-binary,245.61.101.212
665,Gusti,Klimontovich,gklimontovichig@about.me,Male,78.140.191.94
666,Kakalina,Baird,kbairdih@chronoengine.com,Non-binary,209.153.194.173
667,Marci,Limbourne,mlimbourneii@salon.com,Non-binary,18.121.228.23
668,Kare,Kidstone,kkidstoneij@comcast.net,Genderqueer,138.109.125.24
669,Donovan,MacKaig,dmackaigik@usatoday.com,Genderqueer,195.104.145.75
670,Tandie,Middleweek,tmiddleweekil@geocities.jp,Genderfluid,209.183.125.182
671,Bertrand,Hoopper,bhoopperim@privacy.gov.au,Genderfluid,108.11.41.22
672,Dorey,Petz,dpetzin@economist.com,Agender,148.57.133.204
673,Dyan,Splevings,dsplevingsio@cocolog-nifty.com,Bigender,208.10.139.49
674,Merilyn,Rasell,mrasellip@deliciousdays.com,Genderqueer,239.184.193.140
675,Ossie,Lefort,olefortiq@squidoo.com,Polygender,190.192.65.204
676,Tiffani,Eaglesham,teagleshamir@free.fr,Polygender,7.77.10.143
677,Marvin,Russon,mrussonis@fc2.com,Male,196.34.139.6
678,Philbert,Meddick,pmeddickit@auda.org.au,Female,162.181.206.95
679,Caressa,Justham,cjusthamiu@usgs.gov,Bigender,2.96.48.162
680,Clevey,Wardrop,cwardropiv@harvard.edu,Polygender,165.195.112.217
681,Gracie,Cartwright,gcartwrightiw@chicagotribune.com,Genderqueer,16.181.15.29
682,Godiva,McAleese,gmcaleeseix@hatena.ne.jp,Bigender,57.126.121.3
683,John,Fehner,jfehneriy@icio.us,Polygender,103.84.60.111
684,Kennett,Axford,kaxfordiz@theatlantic.com,Male,112.16.169.189
685,Jareb,Steynor,jsteynorj0@drupal.org,Female,224.19.29.161
686,Cariotta,Guerro,cguerroj1@oakley.com,Female,240.118.166.64
687,Fee,Bertelsen,fbertelsenj2@sfgate.com,Genderqueer,208.9.67.195
688,Costa,Belliss,cbellissj3@twitpic.com,Bigender,125.59.1.221
689,Aundrea,Crosfield,acrosfieldj4@t.co,Bigender,28.116.230.134
690,Cahra,Standingford,cstandingfordj5@npr.org,Bigender,143.113.136.167
691,Margarethe,Duchatel,mduchatelj6@myspace.com,Bigender,140.105.30.28
692,Kippy,Pettisall,kpettisallj7@amazon.com,Non-binary,63.124.122.154
693,Janaye,Camoys,jcamoysj8@diigo.com,Male,192.32.11.252
694,Vina,Gillham,vgillhamj9@g.co,Non-binary,157.168.79.56
695,Vannie,Airdrie,vairdrieja@about.me,Female,15.51.198.175
696,Winna,Bartul,wbartuljb@dion.ne.jp,Non-binary,9.115.235.56
697,Orelia,Marlowe,omarlowejc@devhub.com,Genderfluid,209.67.125.170
698,Zach,Frill,zfrilljd@meetup.com,Male,245.129.2.75
699,Ad,Olohan,aolohanje@meetup.com,Bigender,41.55.126.9
700,Irwinn,Measen,imeasenjf@gov.uk,Polygender,17.111.39.44
701,Zondra,Benedite,zbeneditejg@amazonaws.com,Agender,137.72.243.232
702,Jo ann,Bills,jbillsjh@wix.com,Male,60.180.193.139
703,Tessa,Hansmann,thansmannji@webmd.com,Genderfluid,174.130.60.203
704,Tera,Redmille,tredmillejj@ning.com,Genderfluid,49.113.211.15
705,Sawyere,Britcher,sbritcherjk@sitemeter.com,Non-binary,120.165.241.185
706,Averyl,Crowhurst,acrowhurstjl@jalbum.net,Female,94.92.253.206
707,Dorris,Krollmann,dkrollmannjm@businessweek.com,Genderfluid,153.70.194.66
708,Flin,Bansal,fbansaljn@mayoclinic.com,Female,136.119.43.181
709,Terry,Treneer,ttreneerjo@smh.com.au,Genderfluid,72.174.129.118
710,Kit,Turfs,kturfsjp@hexun.com,Bigender,226.103.129.223
711,Marcello,Cartner,mcartnerjq@csmonitor.com,Non-binary,155.54.129.142
712,Brandi,Kellert,bkellertjr@unblog.fr,Agender,143.196.200.105
713,Dugald,Rosten,drostenjs@live.com,Agender,67.232.255.220
714,Kermit,Galsworthy,kgalsworthyjt@theatlantic.com,Agender,168.221.186.94
715,Ferrell,Juleff,fjuleffju@cafepress.com,Bigender,175.108.80.119
716,Tatiania,Wynne,twynnejv@howstuffworks.com,Genderqueer,215.91.62.159
717,Max,Haking,mhakingjw@utexas.edu,Polygender,63.49.54.90
718,Eva,Emmanueli,eemmanuelijx@cnn.com,Agender,238.219.0.194
719,Amitie,Rosin,arosinjy@artisteer.com,Genderqueer,40.163.68.134
720,Lucio,Daintith,ldaintithjz@behance.net,Bigender,218.246.62.105
721,Gloriana,Broomer,gbroomerk0@booking.com,Female,134.147.153.167
722,Gretchen,Tatum,gtatumk1@etsy.com,Polygender,164.177.221.169
723,Sigismundo,Orhtmann,sorhtmannk2@posterous.com,Male,146.23.118.33
724,Gayelord,Rakes,grakesk3@yahoo.com,Agender,37.80.50.232
725,Tiphanie,Van Hault,tvanhaultk4@hatena.ne.jp,Non-binary,193.35.242.209
726,Marj,Roeby,mroebyk5@hatena.ne.jp,Male,192.33.36.62
727,Odo,Meeson,omeesonk6@rambler.ru,Female,117.81.140.116
728,Ileane,Houlworth,ihoulworthk7@home.pl,Bigender,151.78.177.122
729,Abbye,Grishagin,agrishagink8@senate.gov,Male,247.132.129.8
730,Ree,Bickley,rbickleyk9@cbc.ca,Male,157.249.59.76
731,Jaine,Sidaway,jsidawayka@ask.com,Male,118.172.189.215
732,Robbin,MacMillan,rmacmillankb@nyu.edu,Agender,107.170.128.210
733,Sloane,Yurkov,syurkovkc@blinklist.com,Female,114.180.36.134
734,Jeana,Harrigan,jharrigankd@intel.com,Genderqueer,98.184.84.154
735,Fionnula,Greatbank,fgreatbankke@flickr.com,Male,108.17.226.103
736,Sybilla,Greatbatch,sgreatbatchkf@google.com,Male,51.118.61.47
737,Vita,Ivery,viverykg@artisteer.com,Male,11.242.212.132
738,Xavier,Waddie,xwaddiekh@yellowpages.com,Genderqueer,252.221.81.75
739,Adelind,Samart,asamartki@samsung.com,Male,69.236.230.144
740,Jammie,Casemore,jcasemorekj@comcast.net,Genderfluid,121.83.42.11
741,Cull,Sterrick,csterrickkk@webmd.com,Agender,150.146.167.190
742,Donny,Bunson,dbunsonkl@cyberchimps.com,Female,198.199.82.208
743,Florentia,Cobbe,fcobbekm@uiuc.edu,Genderfluid,176.167.91.164
744,Isidore,Waadenburg,iwaadenburgkn@infoseek.co.jp,Non-binary,76.200.183.69
745,Farleigh,Bernardini,fbernardiniko@reuters.com,Genderqueer,206.49.164.24
746,Cybil,Buckle,cbucklekp@prweb.com,Agender,55.154.131.26
747,Kellina,Redihough,kredihoughkq@google.ca,Agender,116.231.163.50
748,Sara,Pampling,spamplingkr@chronoengine.com,Female,21.2.2.150
749,Candice,Swyndley,cswyndleyks@drupal.org,Genderfluid,82.163.39.87
750,Valaree,Shipp,vshippkt@patch.com,Genderqueer,194.75.210.86
751,Jeanette,Gunn,jgunnku@spiegel.de,Genderfluid,33.219.90.176
752,Rose,Conner,rconnerkv@whitehouse.gov,Agender,96.215.12.138
753,Ludwig,Lopez,llopezkw@eepurl.com,Genderqueer,90.25.31.54
754,Dallas,Woodfield,dwoodfieldkx@adobe.com,Agender,73.68.234.17
755,Mellisent,Diment,mdimentky@earthlink.net,Male,22.206.216.123
756,Banky,O'Cannan,bocannankz@webs.com,Non-binary,196.156.133.181
757,Susanetta,Chmiel,schmiell0@dailymail.co.uk,Genderqueer,118.208.149.57
758,Teodorico,Rubinowitz,trubinowitzl1@xrea.com,Non-binary,32.210.108.174
759,Patti,Mohammad,pmohammadl2@ustream.tv,Genderqueer,118.96.163.248
760,Jenica,Uphill,juphilll3@studiopress.com,Female,166.165.154.132
761,Nona,Gilliat,ngilliatl4@google.cn,Non-binary,53.242.254.78
762,Bill,Coper,bcoperl5@comcast.net,Bigender,51.60.2.231
763,Pandora,Bouldon,pbouldonl6@edublogs.org,Non-binary,127.213.15.165
764,Bert,Brantl,bbrantll7@about.me,Polygender,202.173.94.239
765,Dorice,McPheat,dmcpheatl8@skyrock.com,Bigender,5.188.116.150
766,Terrance,Polycote,tpolycotel9@phoca.cz,Non-binary,192.232.1.170
767,Alden,Ferry,aferryla@scientificamerican.com,Genderfluid,23.195.186.12
768,Binnie,Frotton,bfrottonlb@va.gov,Genderqueer,218.30.232.43
769,Toddy,Enever,teneverlc@imdb.com,Male,159.78.210.252
770,Borg,Heads,bheadsld@economist.com,Genderfluid,208.153.15.43
771,Brietta,Silburn,bsilburnle@state.gov,Non-binary,199.146.60.87
772,Ruby,Raund,rraundlf@simplemachines.org,Polygender,164.208.86.134
773,Reina,Keig,rkeiglg@bandcamp.com,Genderfluid,142.92.31.72
774,Emmanuel,Hellard,ehellardlh@com.com,Polygender,133.95.233.72
775,Isadore,Barthropp,ibarthroppli@seesaa.net,Genderfluid,24.216.239.188
776,Coreen,Gannan,cgannanlj@cafepress.com,Female,173.112.121.113
777,Jerrie,Berwick,jberwicklk@simplemachines.org,Non-binary,236.246.244.217
778,Marwin,Brick,mbrickll@nature.com,Male,228.10.50.126
779,Helyn,Dodsley,hdodsleylm@harvard.edu,Male,88.58.101.147
780,Winifred,Eddicott,weddicottln@goo.ne.jp,Genderfluid,28.42.45.223
781,Cacilia,Folkes,cfolkeslo@networkadvertising.org,Agender,212.242.47.93
782,Filippa,Rossborough,frossboroughlp@google.it,Polygender,80.197.100.121
783,Mandi,Castle,mcastlelq@macromedia.com,Male,70.23.46.69
784,Law,Dasent,ldasentlr@biglobe.ne.jp,Genderfluid,65.52.99.109
785,Alano,Burdell,aburdellls@cmu.edu,Genderfluid,239.6.233.134
786,Ramon,Greathead,rgreatheadlt@hostgator.com,Bigender,30.37.238.5
787,Frasquito,Rubica,frubicalu@ed.gov,Bigender,223.62.106.105
788,Allyce,Ors,aorslv@apple.com,Female,171.238.170.81
789,Kellyann,Balloch,kballochlw@dagondesign.com,Female,153.199.188.89
790,Hollie,Huxter,hhuxterlx@nbcnews.com,Female,207.75.247.209
791,Hilton,Blazewski,hblazewskily@ftc.gov,Female,150.40.218.51
792,Gwendolin,Island,gislandlz@timesonline.co.uk,Non-binary,101.102.207.234
793,Fredra,Shears,fshearsm0@buzzfeed.com,Non-binary,121.138.96.51
794,Sterne,Tuffrey,stuffreym1@mayoclinic.com,Male,246.109.81.144
795,Mildred,Petherick,mpetherickm2@amazon.de,Bigender,151.44.188.129
796,Byrle,Venner,bvennerm3@squidoo.com,Female,43.146.249.15
797,Stan,Maasze,smaaszem4@comcast.net,Bigender,147.137.206.21
798,Dorey,Gorce,dgorcem5@webnode.com,Genderqueer,163.227.11.178
799,Eleanor,Warcup,ewarcupm6@archive.org,Bigender,114.126.70.239
800,Hadley,Jakubovitch,hjakubovitchm7@baidu.com,Agender,233.48.162.41
801,Barn,Staddart,bstaddartm8@noaa.gov,Female,244.202.111.248
802,Babb,Altamirano,baltamiranom9@nasa.gov,Female,138.231.49.200
803,Clari,Pretsell,cpretsellma@timesonline.co.uk,Female,112.77.114.122
804,Beverlee,Spottiswood,bspottiswoodmb@upenn.edu,Polygender,31.63.228.117
805,Lezley,Daugherty,ldaughertymc@shutterfly.com,Non-binary,234.254.212.224
806,Shaw,Bedburrow,sbedburrowmd@wikimedia.org,Non-binary,159.68.135.123
807,Felipa,Brunini,fbruninime@artisteer.com,Genderqueer,224.2.229.216
808,Delcina,Bartlomieczak,dbartlomieczakmf@canalblog.com,Agender,68.226.204.82
809,Glyn,Woodrup,gwoodrupmg@thetimes.co.uk,Genderqueer,236.24.135.197
810,Cornell,Gonnely,cgonnelymh@nationalgeographic.com,Genderfluid,250.25.112.123
811,Cassi,Schriren,cschrirenmi@java.com,Genderqueer,156.54.98.235
812,Jerrie,Redwin,jredwinmj@example.com,Agender,98.52.226.110
813,Saleem,Costley,scostleymk@hugedomains.com,Bigender,45.110.116.123
814,Vittoria,Wint,vwintml@huffingtonpost.com,Genderfluid,74.47.220.249
815,Moselle,Longhorne,mlonghornemm@ed.gov,Bigender,77.94.95.132
816,Maridel,Gillanders,mgillandersmn@t-online.de,Agender,98.135.248.253
817,Johannah,Bertholin,jbertholinmo@washingtonpost.com,Polygender,156.93.55.98
818,Hakim,Pidgeley,hpidgeleymp@trellian.com,Genderqueer,194.250.95.234
819,Marjy,Rameaux,mrameauxmq@nhs.uk,Non-binary,58.85.113.33
820,Salvidor,Simonich,ssimonichmr@marriott.com,Bigender,238.139.221.155
821,Marie-jeanne,Rathjen,mrathjenms@i2i.jp,Agender,233.252.99.109
822,Christoper,Trigwell,ctrigwellmt@guardian.co.uk,Genderqueer,207.2.182.157
823,Hodge,Beisley,hbeisleymu@tuttocitta.it,Female,7.15.203.242
824,Vera,Mell,vmellmv@mayoclinic.com,Polygender,67.8.245.72
825,Cariotta,Rentelll,crentelllmw@elpais.com,Male,47.43.249.186
826,Kristal,Klimochkin,kklimochkinmx@redcross.org,Polygender,227.82.210.248
827,Nina,Matthews,nmatthewsmy@wikia.com,Genderfluid,37.248.33.132
828,Chryste,Lanchbery,clanchberymz@surveymonkey.com,Agender,100.154.145.160
829,Kristian,Faunch,kfaunchn0@eepurl.com,Genderfluid,51.120.213.51
830,Verna,Jarmaine,vjarmainen1@bing.com,Male,150.79.11.65
831,Jonathan,Dollard,jdollardn2@columbia.edu,Female,29.31.213.195
832,Kaylyn,Lackie,klackien3@nyu.edu,Non-binary,243.250.23.108
833,Alisun,Tonner,atonnern4@nyu.edu,Genderfluid,27.18.235.230
834,Ody,Juszkiewicz,ojuszkiewiczn5@gnu.org,Male,13.110.148.194
835,Archambault,Wolvey,awolveyn6@bizjournals.com,Male,133.113.198.142
836,Ingeborg,Honnan,ihonnann7@webmd.com,Bigender,7.235.37.10
837,Evangelina,Gorgl,egorgln8@4shared.com,Genderfluid,217.168.162.4
838,Adan,Harrinson,aharrinsonn9@usa.gov,Genderqueer,246.220.247.41
839,Laurel,Bohl,lbohlna@senate.gov,Bigender,129.2.44.32
840,Palm,Insall,pinsallnb@spiegel.de,Agender,123.116.206.32
841,Haslett,McKeller,hmckellernc@bloglovin.com,Genderfluid,23.62.48.188
842,Jen,Corkett,jcorkettnd@youtube.com,Agender,240.57.104.47
843,Dahlia,Yakubov,dyakubovne@disqus.com,Female,243.232.51.173
844,Rachel,Bucktharp,rbucktharpnf@deviantart.com,Polygender,77.119.188.227
845,Reinaldos,De-Ville,rdevilleng@canalblog.com,Non-binary,12.112.205.145
846,Britte,Scholte,bscholtenh@ibm.com,Non-binary,34.159.204.24
847,Bordie,Bog,bbogni@lycos.com,Genderfluid,46.243.237.188
848,Hettie,Kohnen,hkohnennj@indiatimes.com,Bigender,212.56.145.115
849,Darlene,Grigg,dgriggnk@ycombinator.com,Genderfluid,17.2.74.117
850,Agatha,Beszant,abeszantnl@diigo.com,Male,229.39.164.7
851,Sabine,Brimham,sbrimhamnm@hexun.com,Genderfluid,107.42.164.7
852,Creight,Ede,cedenn@princeton.edu,Genderqueer,206.114.216.188
853,Marni,O'Leagham,moleaghamno@vimeo.com,Non-binary,93.177.231.253
854,Artemis,Bolley,abolleynp@bloglines.com,Genderqueer,75.154.90.58
855,Laina,Larder,llardernq@altervista.org,Bigender,187.130.86.65
856,Putnam,Frewer,pfrewernr@uol.com.br,Genderfluid,197.70.127.64
857,Denney,Olliver,dolliverns@xinhuanet.com,Agender,72.160.223.182
858,Lurleen,Sandhill,lsandhillnt@oracle.com,Genderfluid,175.13.215.184
859,Godard,Whitley,gwhitleynu@ca.gov,Bigender,60.22.224.112
860,Tommi,Fernyhough,tfernyhoughnv@shinystat.com,Genderqueer,114.149.7.20
861,Kyle,Pressnell,kpressnellnw@vinaora.com,Non-binary,7.16.233.51
862,Hercules,Sherborne,hsherbornenx@go.com,Agender,16.49.130.113
863,Sella,Chaim,schaimny@bloglines.com,Polygender,12.99.222.162
864,Mead,McVee,mmcveenz@icq.com,Genderqueer,133.78.18.44
865,Michele,Gehricke,mgehrickeo0@istockphoto.com,Genderqueer,50.244.17.246
866,Zebulen,Skews,zskewso1@goo.ne.jp,Bigender,127.31.252.11
867,Edna,Szymanowski,eszymanowskio2@berkeley.edu,Genderqueer,149.94.56.168
868,Luther,Grent,lgrento3@china.com.cn,Polygender,245.171.227.91
869,Cordy,Ashmore,cashmoreo4@fda.gov,Non-binary,253.99.108.148
870,Yoshi,Kleinpeltz,ykleinpeltzo5@kickstarter.com,Genderqueer,235.163.140.28
871,Anet,Patria,apatriao6@marketwatch.com,Female,81.7.117.144
872,Mathian,Farlow,mfarlowo7@japanpost.jp,Polygender,16.114.166.252
873,Trix,Clemencet,tclemenceto8@gravatar.com,Female,25.225.153.185
874,Vikki,Scotchforth,vscotchfortho9@gizmodo.com,Agender,11.3.220.216
875,Vachel,Becaris,vbecarisoa@noaa.gov,Female,44.180.10.166
876,Marsha,Gretton,mgrettonob@techcrunch.com,Non-binary,207.101.29.200
877,Alphonse,Counihan,acounihanoc@parallels.com,Genderfluid,215.239.52.44
878,Nona,Murra,nmurraod@usnews.com,Bigender,14.225.82.99
879,Dacy,Wahlberg,dwahlbergoe@example.com,Non-binary,107.1.237.174
880,Ilsa,Gimert,igimertof@a8.net,Genderfluid,222.78.205.55
881,Ashil,Chave,achaveog@xinhuanet.com,Bigender,60.11.159.131
882,Steven,Emms,semmsoh@nationalgeographic.com,Agender,165.184.66.231
883,Murial,McGonagle,mmcgonagleoi@nationalgeographic.com,Polygender,188.219.71.71
884,Lorinda,Cudworth,lcudworthoj@xinhuanet.com,Non-binary,234.245.179.161
885,Teresina,Hegel,thegelok@imgur.com,Genderqueer,202.188.62.217
886,Jasmin,Vallance,jvallanceol@abc.net.au,Non-binary,161.90.72.113
887,Rafael,Neads,rneadsom@purevolume.com,Genderqueer,86.72.85.100
888,Eunice,Heasly,eheaslyon@fema.gov,Male,105.156.115.183
889,Trstram,Broseman,tbrosemanoo@exblog.jp,Male,97.136.164.107
890,Ashely,Gemelli,agemelliop@usa.gov,Genderfluid,118.150.69.17
891,Missy,Edelheid,medelheidoq@google.it,Polygender,195.250.51.79
892,Janie,Sheal,jshealor@cisco.com,Genderfluid,56.155.66.98
893,Madelle,Forrestall,mforrestallos@jalbum.net,Polygender,34.156.23.180
894,Tomaso,Hatliffe,thatliffeot@tinypic.com,Female,62.144.127.133
895,Tristan,Alderson,taldersonou@hugedomains.com,Male,153.106.76.202
896,Melosa,Emeney,memeneyov@hibu.com,Genderqueer,206.249.4.206
897,Gratia,Clemas,gclemasow@techcrunch.com,Agender,50.120.222.87
898,Rheba,Cleever,rcleeverox@cnet.com,Male,199.107.159.202
899,Tessie,Crallan,tcrallanoy@weather.com,Agender,140.28.77.92
900,Jamison,Livock,jlivockoz@apple.com,Female,238.172.25.246
901,Alex,McCaughen,amccaughenp0@networksolutions.com,Genderfluid,8.164.17.67
902,Gates,Bunnell,gbunnellp1@google.ca,Agender,161.108.65.186
903,Jeanne,Sangra,jsangrap2@github.com,Genderfluid,160.64.68.120
904,Tatiania,Dibbert,tdibbertp3@gnu.org,Male,74.54.66.132
905,Julie,Perone,jperonep4@php.net,Genderfluid,63.172.70.124
906,Erminia,Brunstan,ebrunstanp5@blog.com,Genderfluid,150.153.64.171
907,Kellina,MacEntee,kmacenteep6@ask.com,Bigender,167.218.156.108
908,Laurena,Kupisz,lkupiszp7@patch.com,Female,131.243.91.124
909,Lilian,Dornin,ldorninp8@ihg.com,Non-binary,69.19.161.250
910,Donal,Filipczynski,dfilipczynskip9@salon.com,Female,206.93.5.185
911,Nial,Gaudon,ngaudonpa@europa.eu,Polygender,238.52.184.124
912,Collette,Kenningham,ckenninghampb@mac.com,Genderqueer,188.69.223.89
913,Thorndike,Gresty,tgrestypc@vistaprint.com,Male,232.231.169.23
914,Angy,Chetham,achethampd@un.org,Genderfluid,87.31.68.149
915,Thain,Orsi,torsipe@google.pl,Agender,25.206.144.55
916,Marleen,Coldham,mcoldhampf@1688.com,Genderfluid,174.12.198.242
917,Maryl,Steanyng,msteanyngpg@ehow.com,Polygender,76.220.128.248
918,Moyra,Fansy,mfansyph@paypal.com,Male,28.85.27.219
919,Kylila,Hubert,khubertpi@archive.org,Non-binary,128.52.180.76
920,Arty,Sodeau,asodeaupj@pagesperso-orange.fr,Male,60.231.174.235
921,Thea,Gabrieli,tgabrielipk@skype.com,Agender,3.6.66.62
922,Javier,Eakins,jeakinspl@bizjournals.com,Genderfluid,144.224.33.196
923,Ephraim,Fibben,efibbenpm@walmart.com,Polygender,152.128.142.208
924,Sigismundo,Olver,solverpn@flavors.me,Agender,155.186.129.169
925,Hy,Broadberry,hbroadberrypo@cargocollective.com,Non-binary,103.117.92.225
926,Ibrahim,Leveret,ileveretpp@umich.edu,Male,97.213.227.48
927,Gertie,Akker,gakkerpq@macromedia.com,Agender,190.119.23.26
928,Rabbi,Spraggon,rspraggonpr@example.com,Non-binary,179.116.223.144
929,Maurie,Arpino,marpinops@ustream.tv,Female,55.101.7.211
930,Hannis,Muttock,hmuttockpt@themeforest.net,Agender,249.197.48.89
931,Anita,Iseton,aisetonpu@sbwire.com,Polygender,159.123.104.178
932,Krissy,Waudby,kwaudbypv@reddit.com,Genderqueer,27.195.16.101
933,Karoly,Piburn,kpiburnpw@histats.com,Female,226.152.186.102
934,Maurice,McCreery,mmccreerypx@globo.com,Agender,135.30.143.85
935,Caresse,Foakes,cfoakespy@hostgator.com,Genderqueer,43.12.11.20
936,Kristopher,Provost,kprovostpz@mlb.com,Bigender,235.244.156.247
937,Zacherie,Forward,zforwardq0@columbia.edu,Genderqueer,252.107.21.236
938,Markus,Doerren,mdoerrenq1@com.com,Non-binary,243.8.230.4
939,Niccolo,St. Aubyn,nstaubynq2@live.com,Non-binary,217.111.220.4
940,Ardisj,Snazel,asnazelq3@mail.ru,Female,82.229.55.106
941,Alexa,Gludor,agludorq4@about.me,Female,34.194.145.206
942,Evy,Fownes,efownesq5@chicagotribune.com,Bigender,142.99.249.174
943,Vite,Perrie,vperrieq6@ameblo.jp,Bigender,209.203.196.76
944,Harwell,Weems,hweemsq7@japanpost.jp,Bigender,144.143.216.49
945,Ange,Hurry,ahurryq8@google.com.hk,Non-binary,214.7.173.201
946,Sigfrid,Pigden,spigdenq9@telegraph.co.uk,Genderfluid,120.169.245.81
947,Masha,Pinyon,mpinyonqa@toplist.cz,Genderfluid,9.108.33.255
948,Odette,Duckitt,oduckittqb@liveinternet.ru,Agender,3.234.64.234
949,Catrina,Emeline,cemelineqc@rambler.ru,Agender,131.115.85.4
950,Marigold,Ough,moughqd@nationalgeographic.com,Genderfluid,203.8.235.130
951,Sindee,Davage,sdavageqe@google.pl,Genderqueer,255.130.15.198
952,Luigi,Neilands,lneilandsqf@scribd.com,Agender,150.253.224.180
953,Jocelin,Bartul,jbartulqg@yellowpages.com,Female,5.246.115.51
954,Marni,Watton,mwattonqh@meetup.com,Bigender,141.134.242.74
955,Farley,Charter,fcharterqi@apache.org,Polygender,120.246.97.11
956,Fin,Cubbinelli,fcubbinelliqj@quantcast.com,Genderqueer,107.234.64.232
957,Egbert,McCaghan,emccaghanqk@blog.com,Genderfluid,94.138.194.69
958,Joete,Heart,jheartql@cyberchimps.com,Agender,180.63.208.58
959,Carlita,Bhar,cbharqm@com.com,Genderqueer,235.220.238.251
960,Daloris,Lemme,dlemmeqn@freewebs.com,Genderfluid,134.245.50.3
961,Audry,Barber,abarberqo@marketwatch.com,Male,35.104.145.201
962,Flinn,Mingus,fmingusqp@illinois.edu,Polygender,149.213.229.65
963,Hill,Virgoe,hvirgoeqq@spotify.com,Polygender,122.80.189.221
964,Garnette,Bulteel,gbulteelqr@springer.com,Male,50.5.78.203
965,Oswald,South,osouthqs@slate.com,Genderqueer,175.210.138.210
966,Brandais,Fryatt,bfryattqt@tumblr.com,Genderqueer,56.194.80.8
967,Delinda,McTaggart,dmctaggartqu@baidu.com,Female,86.148.227.194
968,Flossie,Perrinchief,fperrinchiefqv@tripod.com,Genderfluid,78.51.21.16
969,Kary,Jellico,kjellicoqw@mtv.com,Genderfluid,95.132.176.64
970,Ivan,Forth,iforthqx@google.es,Bigender,171.169.150.163
971,Sybille,Ethersey,setherseyqy@ibm.com,Female,113.212.80.151
972,Juliet,Garard,jgarardqz@wiley.com,Genderqueer,242.4.191.38
973,Byrle,O'Moylan,bomoylanr0@about.com,Genderqueer,31.145.178.178
974,Obidiah,Grassett,ograssettr1@barnesandnoble.com,Polygender,154.127.31.29
975,Marley,Kemet,mkemetr2@state.tx.us,Genderfluid,6.182.150.106
976,Kit,Dellow,kdellowr3@woothemes.com,Male,17.109.9.223
977,Robers,Kings,rkingsr4@twitter.com,Genderqueer,209.208.101.215
978,Dreddy,Cicchelli,dcicchellir5@spiegel.de,Agender,13.55.155.150
979,Lemar,Chadbourne,lchadbourner6@wikia.com,Genderfluid,158.240.86.153
980,Emmey,Erangy,eerangyr7@nbcnews.com,Non-binary,213.234.75.235
981,Raquela,Ferriday,rferridayr8@census.gov,Male,166.183.20.64
982,Linnea,Sizzey,lsizzeyr9@dot.gov,Polygender,52.22.130.63
983,Marlow,Winnard,mwinnardra@dell.com,Genderqueer,8.156.219.132
984,Devin,Pierson,dpiersonrb@squidoo.com,Polygender,131.21.247.166
985,Aubine,Kiessel,akiesselrc@ovh.net,Bigender,9.78.200.63
986,Teodor,Borzone,tborzonerd@t.co,Male,227.40.195.246
987,Katina,Bau,kbaure@wordpress.com,Male,171.98.90.22
988,Allayne,Dyde,adyderf@bing.com,Polygender,31.225.234.23
989,Nola,Pentecost,npentecostrg@china.com.cn,Polygender,5.210.243.81
990,Aluin,Riediger,ariedigerrh@etsy.com,Polygender,72.118.68.155
991,Jordon,Ogelbe,jogelberi@howstuffworks.com,Female,187.19.17.70
992,Vanny,Dulinty,vdulintyrj@nyu.edu,Genderqueer,206.96.65.129
993,Gayler,MacRitchie,gmacritchierk@shop-pro.jp,Non-binary,207.109.161.63
994,Gustav,Yarrall,gyarrallrl@elpais.com,Bigender,88.219.208.189
995,Gabby,Terese,gtereserm@hud.gov,Bigender,110.59.139.234
996,Ilario,Clemendet,iclemendetrn@soup.io,Male,165.83.165.26
997,Kayle,Crumpe,kcrumpero@csmonitor.com,Bigender,100.222.139.248
998,Harald,Airth,hairthrp@histats.com,Genderfluid,118.237.114.126
999,James,Bootman,jbootmanrq@bloglines.com,Non-binary,16.150.16.234
1000,Wendall,Verny,wvernyrr@telegraph.co.uk,Bigender,96.240.29.95
